{
  "accuracy": 0.9948918269230769,
  "f1_macro": 0.9639583436078363,
  "confusion_matrix": [
    [
      797,
      2,
      1,
      0
    ],
    [
      4,
      2396,
      0,
      0
    ],
    [
      3,
      0,
      85,
      0
    ],
    [
      1,
      3,
      3,
      33
    ]
  ],
  "labels": [
    "Finance",
    "Medical",
    "Sports",
    "Technology"
  ],
  "best_params": {
    "alpha": 0.01
  }
}